<atlassian-plugin key="${plugin.key}" name="${project.name}" plugins-version="2">
    <!-- Plugin key has been diverged from the GVA during the bitbucket server rebrand so settings don't get lost -->
    <plugin-info>
        <description>${project.description}</description>
        <version>${project.version}</version>
        <vendor name="${project.organization.name}" url="${project.organization.url}"/>

        <param name="atlassian-data-center-status">compatible</param>
        <param name="atlassian-data-center-compatible">true</param>

        <param name="plugin-icon">images/slack-logo-16px.png</param>
        <param name="plugin-logo">images/slack-logo-144px.png</param>
        <param name="vendor-icon">images/atlassian-logo-16px.png</param>
        <param name="vendor-logo">images/atlassian-logo-72px.png</param>
    </plugin-info>

    <!-- i18n -->
    <resource type="i18n" name="slack-common" location="com.atlassian.plugins.slack.slack-common"/>
    <resource type="i18n" name="bitbucket-slack" location="com.atlassian.bitbucket.plugins.slack.bitbucket-slack"/>

    <!-- Analytics -->
    <analytics-whitelist key="common-slack-analytics" resource="analytics/whitelist-base.json"/>
    <analytics-whitelist key="bitbucket-slack-analytics" resource="analytics/whitelist.json"/>

    <!-- Images -->
    <client-resource name="Slack Bitbucket Image Resources" key="slack-bitbucket-image-resources">
        <directory location="/slack-static/images/"/>
    </client-resource>

    <!-- Personal notifications -->
    <web-item key="slack-user-personal-settings-link" section="bitbucket.user.account.nav" weight="91">
        <label key="plugins.slack.pn.link.label"/>
        <link linkId="personal-notifications-slack-integration">/plugins/servlet/slack/personal-notifications</link>
        <condition class="com.atlassian.plugins.slack.api.condition.IsSlackEnabledUrlReadingCondition"/>
    </web-item>
    <servlet name="Slack Personal Notifications Servlet" key="slack-personal-notifications-servlet"
             class="com.atlassian.plugins.slack.user.SlackPersonalNotificationsServlet">
        <url-pattern>/slack/personal-notifications</url-pattern>
    </servlet>
    <web-resource key="slack-personal-settings-resources">
        <dependency>com.atlassian.auiplugin:aui-experimental-soy-templates</dependency>
        <dependency>com.atlassian.auiplugin:ajs</dependency>

        <transformation extension="js">
            <transformer key="jsI18n"/>
        </transformation>
        <transformation extension="soy">
            <transformer key="soyTransformer"/>
        </transformation>
        <transformation extension="less">
            <transformer key="lessTransformer"/>
        </transformation>

        <resource type="download"
                  name="slack-feature/personal-notifications/personal-notifications.js"
                  location="slack-feature/personal-notifications/personal-notifications.js"/>
        <resource type="soy"
                  name="slack-feature/personal-notifications/personal-notifications.soy"
                  location="slack-feature/personal-notifications/personal-notifications.soy"/>
        <resource type="download"
                  name="slack-feature/personal-notifications/personal-notifications.less.css"
                  location="slack-feature/personal-notifications/personal-notifications.less"/>
    </web-resource>

    <!-- Resource that incorporates all other resources needed on configuration pages -->
    <web-resource key="slack-resources" name="Slack Soy Resources">
        <dependency>com.atlassian.auiplugin:aui-select2</dependency>
        <dependency>${plugin.key}:slack-global-js-resources</dependency>
        <dependency>${plugin.key}:slack-global-css-resources</dependency>

        <context>slack-global-configuration-install</context>
        <context>slack-global-configuration</context>

        <dependency>${plugin.key}:slack-integration-steps-resources</dependency>
    </web-resource>

    <!-- Server Soy templates -->
    <client-resource key="slack-soy-server-resources" name="Server-side Soy Resources">
        <transformation extension="less">
            <transformer key="less-transformer"/>
            <transformer key="lessTransformer"/>
        </transformation>

        <resource type="soy" name="slack-global-config.soy" location="slack-static/page/global-config/global-config.soy"/>
        <resource type="soy" name="slack-repo-config.soy" location="slack-static/page/repo-config/repo-config.soy"/>
        <resource type="soy" name="slack-config-header.soy" location="slack-static/feature/config-header/config-header.soy"/>
        <resource type="soy" name="slack-direct-link.soy" location="slack-direct-link.soy"/>

        <dependency>${plugin.key}:slack-soy-resources</dependency>
        <dependency>${plugin.key}:slack-integration-steps-resources</dependency>
        <dependency>${plugin.key}:repo-channel-table</dependency>
        <dependency>${plugin.key}:slack-less</dependency>
        <dependency>com.atlassian.bitbucket.server.bitbucket-web:server-soy-templates</dependency>
    </client-resource>

    <client-resource key="repo-channel-table" name="Repository to Channel table resources">
        <directory location="/slack-static/feature/repo-channel-table" />
        <dependency>com.atlassian.auiplugin:dialog2</dependency>
        <dependency>com.atlassian.auiplugin:aui-experimental-tooltips</dependency>
        <dependency>com.atlassian.auiplugin:aui-experimental-iconfont</dependency>
    </client-resource>

    <client-resource key="slack-channel-selector" name="Channel selector dialog">
        <directory location="/slack-static/feature/channel-selector/" />
        <directory location="/slack-static/images/" />

        <dependency>com.atlassian.auiplugin:aui-select2</dependency>
        <dependency>com.atlassian.bitbucket.server.bitbucket-web-api:server</dependency>
    </client-resource>

    <client-resource key="slack-repo-config" name="Repository configuration">
        <directory location="/slack-static/page/repo-config/">
            <exclude>/**/*.soy</exclude>
        </directory>

        <dependency>com.atlassian.bitbucket.server.bitbucket-web:slack-global</dependency>
        <dependency>${plugin.key}:slack-common-resources</dependency>
        <dependency>${plugin.key}:slack-integration-steps-resources</dependency>
        <dependency>${plugin.key}:repo-channel-table</dependency>
        <dependency>${plugin.key}:slack-channel-selector</dependency>
        <dependency>${plugin.key}:base-slack-common-resources</dependency>

        <context>bitbucket.page.repo.slack.settings</context>
    </client-resource>

    <client-resource key="slack-global-config" name="Global configuration">
        <directory location="/slack-static/page/global-config/">
            <exclude>/**/global-config.soy</exclude>
        </directory>

        <dependency>com.atlassian.bitbucket.server.bitbucket-web:global</dependency>
        <dependency>com.atlassian.bitbucket.server.bitbucket-web:global-repository-selector</dependency>
        <dependency>${plugin.key}:slack-common-resources</dependency>
        <dependency>${plugin.key}:slack-integration-steps-resources</dependency>
        <dependency>${plugin.key}:repo-channel-table</dependency>
        <dependency>${plugin.key}:slack-channel-selector</dependency>
        <dependency>${plugin.key}:base-slack-common-resources</dependency>

        <context>slack-global-configuration</context>
        <context>slack-global-configuration-install</context>
    </client-resource>

    <servlet key="slack-repo-configure-servlet" name="Slack Repo Settings Page Servlet"
             class="com.atlassian.bitbucket.plugins.slack.notification.configuration.web.SlackRepoSettingsServlet">
        <url-pattern>/repo-slack-settings/*</url-pattern>
    </servlet>

    <!-- Menu items: global admin and repo admin configuration pages -->
    <web-item key="repository-slack-settings" name="Repository Slack Settings tab"
              weight="29" section="bitbucket.repository.settings.panel/repository-workflow-section">
        <label key="bitbucket.plugins.slack.repo.config.title" />
        <link>${navBuilder.pluginServlets().path('repo-slack-settings', 'projects', $project.key, 'repos', $repository.slug).buildRelNoContext()}</link>
    </web-item>
    <web-item key="bitbucket-slack-menu-item" name="Admin Slack settings tab"
              section="atl.admin/admin-plugins-section" weight="99">
        <label key="bitbucket.plugins.slack.global.admin.label" />
        <link linkId="bitbucket-slack-admin-label">/plugins/servlet/slack/configure</link>
        <tooltip key="bitbucket.plugins.slack.global.admin.description" />
    </web-item>

    <!-- link to view Slack OAuth token -->
    <web-item key="slack-oauth-profile-page" section="bitbucket.user.account.nav" weight="92">
        <label key="slack.view.oauth.label"/>
        <link linkId="admin-slack-integration">/plugins/servlet/slack/view-oauth-sessions</link>
        <condition class="com.atlassian.plugins.slack.api.condition.IsSlackEnabledUrlReadingCondition"/>
    </web-item>

    <!-- Admin configuration servlet -->
    <servlet name="Configure Slack Servlet" key="slack-configure-servlet"
             class="com.atlassian.plugins.slack.admin.ConfigureServlet">
        <url-pattern>/slack/configure</url-pattern>
    </servlet>

    <!-- Signature verifying filter -->
    <servlet-filter name="Signature verifying filter"
                    key="slack-signature-verifying-filter"
                    class="com.atlassian.plugins.slack.rest.RequestCachingServletFilter"
                    location="after-encoding"
                    weight="-100">
        <url-pattern>/rest/slack/latest/event</url-pattern>
        <url-pattern>/rest/slack/latest/command</url-pattern>
        <url-pattern>/rest/slack/latest/action</url-pattern>
        <dispatcher>REQUEST</dispatcher>
        <dispatcher>FORWARD</dispatcher>
    </servlet-filter>

    <!-- REST endpoints from common module and Bitbucket module -->

    <!--REST v2 migration tag to enable REST v2-->
    <rest-migration key="bitbucket-slack-key">
        <rest-v2/>
    </rest-migration>

    <rest key="slack-rest" name="Slack Confluence Resources" path="/slack" version="1.0">
        <dispatcher>REQUEST</dispatcher>
        <dispatcher>FORWARD</dispatcher>
    </rest>

    <!-- Active objects -->
    <ao key="ao" namespace="com.atlassian.bitbucket.plugins.bitbucket-slack-server-integration-plugin">
        <description>AO classes for the Slack plugin entities</description>
        <entity>com.atlassian.plugins.slack.ao.AOSlackLink</entity>
        <entity>com.atlassian.plugins.slack.ao.AOSlackUser</entity>
        <entity>com.atlassian.bitbucket.plugins.slack.notification.configuration.ao.AoNotificationConfiguration</entity>

        <upgradeTask>com.atlassian.bitbucket.plugins.slack.notification.configuration.ao.MutedChannelIdUpgradeTask001</upgradeTask>
    </ao>

    <!-- Generic configuration panel. 2nd rendering level. 1st one is in configure-slack.vm -->
    <web-panel key="slack-configurationPanel" location="plugins.slack.configure">
        <context-provider class="com.atlassian.plugins.slack.admin.SlackConfigurationScreenContextProvider"/>
        <resource name="view" type="soy" location="${plugin.key}:slack-soy-resources/Slack.Templates.Configuration.panel"/>
    </web-panel>

    <!-- Create Slack connection panel. 3rd rendering level -->
    <web-panel key="slack-bitbucket-global-install" location="slack.integration.configure.install">
        <resource name="view" type="soy"
                  location="${plugin.key}:slack-soy-server-resources/bitbucket.page.slack.global.config.install"/>
    </web-panel>
    <!-- View/edit connection panel 3rd rendering level -->
    <web-panel key="slack-bitbucket-global" location="slack.integration.configure.installed">
        <context-provider class="com.atlassian.bitbucket.plugins.slack.provider.SlackGlobalAdminDataProvider"/>
        <resource name="view" type="soy"
                  location="${plugin.key}:slack-soy-server-resources/bitbucket.page.slack.global.config.installed"/>
    </web-panel>

    <web-resource name="Link Error Resources" key="slack-link-error-resources" >
        <dependency>com.atlassian.auiplugin:aui-flag</dependency>
        <context>atl.general</context>
        <context>atl.admin</context>

        <data key="slack-link-error" class="com.atlassian.plugins.slack.oauth2.LinkErrorDataProvider" />

        <transformation extension="js">
            <transformer key="jsI18n"/>
        </transformation>

        <resource name="oauth2/bitbucket-slack-link-error.js" type="download" location="oauth2/bitbucket-slack-link-error.js"/>

        <condition class="com.atlassian.plugins.slack.api.condition.IsSlackEnabledUrlReadingCondition"/>
    </web-resource>

    <!-- Resources from the common module -->

    <!-- Soy templates from common module -->
    <web-resource name="Slack Link Screen Resources" key="slack-soy-resources">
        <dependency>com.atlassian.auiplugin:aui-experimental-soy-templates</dependency>
        <resource type="soy" name="slack-panel" location="admin/configure-slack.soy"/>
        <resource type="soy" name="slack-server" location="admin/configure-server-slack.soy"/>
    </web-resource>
    <!-- Styles from common module -->
    <web-resource key="slack-global">
        <transformation extension="less">
            <transformer key="lessTransformer"/>
            <transformer key="less-transformer"/>
        </transformation>

        <resource name="slack-global.css" type="download" location="stylesheets/slack-global.less"/>

        <dependency>com.atlassian.auiplugin:ajs</dependency>
    </web-resource>
    <!-- Integration steps from the common module -->
    <web-resource name="Slack Integration Steps resources" key="slack-integration-steps-resources">
        <transformation extension="js">
            <transformer key="jsI18n"/>
        </transformation>

        <transformation extension="less">
            <transformer key="lessTransformer"/>
            <transformer key="less-transformer"/>
        </transformation>

        <resource type="download" name="slack-feature/integrationsteps/integrationsteps.css" location="slack-feature/integrationsteps/integrationsteps.less"/>
        <resource type="soy" name="slack-feature/integrationsteps/integrationsteps.soy" location="slack-feature/integrationsteps/integrationsteps.soy"/>

        <dependency>${plugin.key}:slack-global</dependency>
        <dependency>${plugin.key}:slack-connection-status-resources</dependency>
    </web-resource>
    <!-- Connection status template, JS and styles. Used on configuration page -->
    <web-resource name="Slack Connection Status resources" key="slack-connection-status-resources">
        <transformation extension="js">
            <transformer key="jsI18n"/>
        </transformation>

        <transformation extension="less">
            <transformer key="lessTransformer"/>
            <transformer key="less-transformer"/>
        </transformation>

        <transformation extension="soy">
            <transformer key="soyTransformer">
                <functions>com.atlassian.confluence.plugins.soy:soy-core-functions</functions>
            </transformer>
        </transformation>

        <resource type="download" name="slack-feature/connectionstatus/connectionstatus-soy.js" location="slack-feature/connectionstatus/connectionstatus.soy"/>
        <resource type="soy" name="slack-feature/connectionstatus/connectionstatus.soy" location="slack-feature/connectionstatus/connectionstatus.soy"/>

        <resource type="download" name="slack-feature/connectionstatus/connectionstatus.js" location="slack-feature/connectionstatus/connectionstatus.js"/>
        <resource type="download" name="slack-feature/connectionstatus/connectionstatus.css" location="slack-feature/connectionstatus/connectionstatus.less"/>

        <dependency>${plugin.key}:slack-global</dependency>
        <!-- to show connection status tooltip on channel mapping page -->
        <dependency>com.atlassian.auiplugin:aui-inline-dialog2</dependency>
    </web-resource>
    <!-- JS and styles for configuration pages -->
    <web-resource name="Slack Link Screen Resources" key="slack-base-link-resources">
        <transformation extension="js">
            <transformer key="jsI18n"/>
        </transformation>

        <transformation extension="soy">
            <transformer key="soyTransformer">
            </transformer>
        </transformation>

        <transformation extension="less">
            <transformer key="lessTransformer"/>
            <transformer key="less-transformer"/>
        </transformation>

        <resource type="download" name="stylesheets/slack-main.css" location="stylesheets/slack-main.less"/>
        <resource type="download" name="admin/configure-slack.js" location="admin/configure-slack.js"/>
        <resource type="download" name="configure-slack.soy.js" location="admin/configure-slack.soy"/>

        <dependency>com.atlassian.auiplugin:aui-experimental-spinner</dependency>
        <dependency>com.atlassian.soy.soy-template-plugin:soy-deps</dependency>
        <dependency>${plugin.key}:slack-global</dependency>

        <context>admin</context>
        <context>atl.admin</context>
    </web-resource>
    <!-- JS for Workspace connection page -->
    <web-resource name="Connect to Slack Workspace" key="slack-connect-workspace-resources">
        <transformation extension="js">
            <transformer key="jsI18n"/>
        </transformation>

        <resource type="download" name="slack-admin/connect/connect-workspace.js" location="admin/connect/connect-workspace.js"/>

        <dependency>${plugin.key}:slack-base-link-resources</dependency>
    </web-resource>

    <!-- Images from common module -->
    <web-resource name="Image Resources" key="slack-image-resources">
        <resource type="download" name="images/slack-installing.svg" location="images/slack-installing.svg">
            <param name="content-type" value="image/svg+xml"/>
        </resource>
        <resource type="download" name="images/slack-installed.svg" location="images/slack-installed.svg">
            <param name="content-type" value="image/svg+xml"/>
        </resource>
        <resource type="download" name="images/slack-not-connected.svg" location="images/slack-not-connected.svg">
            <param name="content-type" value="image/svg+xml"/>
        </resource>
    </web-resource>
    <!-- User OAuth flow redirecting links JS -->
    <web-resource key="slack-user-link-support">
        <transformation extension="js">
            <transformer key="jsI18n"/>
        </transformation>

        <resource type="download" name="user/slack-user-link.js" location="user/slack-user-link.js"/>

        <dependency>com.atlassian.auiplugin:aui-core</dependency>
    </web-resource>

    <!-- Slack channel and team links declarative support -->
    <web-resource name="Slack Links Support" key="slack-links-support">
        <context>atl.general</context>
        <context>atl.admin</context>

        <transformation extension="js">
            <transformer key="jsI18n"/>
        </transformation>

        <resource type="download" name="cookie/js.cookie.js" location="cookie/js.cookie.js"/>
        <resource type="download" name="links/slack-links.js" location="links/slack-links.js"/>
    </web-resource>
    <!-- Channel mapping styles -->
    <web-resource name="Slack Common Resources" key="base-slack-common-resources">
        <transformation extension="less">
            <transformer key="lessTransformer"/>
            <transformer key="less-transformer"/>
        </transformation>

        <resource type="download" name="stylesheets/slack-channel-mappings.css" location="stylesheets/slack-channel-mappings.less"/>

        <dependency>com.atlassian.auiplugin:aui-dropdown2</dependency>
        <dependency>${plugin.key}:slack-user-link-support</dependency>
    </web-resource>

    <!-- Soy functions that are invoked from Soy templates of the common module -->
    <soy-function key="slack-add-query-param" name="Add a query param to an URI"
                  class="com.atlassian.plugins.slack.soy.AddQueryParamSlackFunction"/>
    <soy-function key="slack-require-resource-by-context-function" name="Requires resources for a given context"
                  class="com.atlassian.plugins.slack.soy.RequireSlackResourceByContextSlackFunction"/>
    <soy-function key="slack-plugin-resource-url" name="Generates a url for a plugin resource"
                  class="com.atlassian.plugins.slack.soy.PluginResourceUrlSlackFunction"/>
    <soy-function key="slack-get-product-text" name="Generates each text passing the product name as the first parameter"
                  class="com.atlassian.plugins.slack.soy.GetProductTextSlackFunction"/>
    <soy-function key="slack-simple-json-serialize-function" name="Serializes a simple object into a JSON string"
                  class="com.atlassian.plugins.slack.soy.SimpleJsonSerializeFunction"/>
    <soy-function key="slack-web-panel-soy-function" name="Generates the html for a web panel"
                  class="com.atlassian.plugins.slack.soy.WebPanelsSlackFunction"/>

    <!-- End of resources from the common module -->

    <soy-function key="isSlackNotificationEnabled" class="com.atlassian.bitbucket.plugins.slack.notification.configuration.soy.IsSlackNotificationEnabledFunction"/>

    <servlet name="View OAuth Slack Servlet" key="slack-view-oauth-servlet"
             class="com.atlassian.plugins.slack.oauth2.ViewSlackOauthSessionsServlet">
        <url-pattern>/slack/view-oauth-sessions</url-pattern>
    </servlet>

    <web-resource key="slack-view-oauth-resources">
        <dependency>com.atlassian.auiplugin:aui-experimental-soy-templates</dependency>
        <dependency>${plugin.key}:slack-user-link-support</dependency>

        <transformation extension="less">
            <transformer key="lessTransformer"/>
        </transformation>

        <resource name="oauth2/view-slack-oauth-sessions.soy" type="soy" location="oauth2/view-slack-oauth-sessions.soy"/>
        <resource name="oauth2/view-slack-oauth-sessions.less.css" type="download" location="oauth2/view-slack-oauth-sessions.less"/>
    </web-resource>

    <client-resource key="slack-less" name="Less styles">
        <transformation extension="less">
            <transformer key="less-transformer"/>
            <transformer key="lessTransformer"/>
        </transformation>
        <resource type="download" name="images/slack-logo-16px.png" location="images/slack-logo-16px.png"/>
        <resource name="bitbucket-slack-plugin.css" type="download"
                  location="slack-static/page/bitbucket-slack-plugin.less"/>
        <context>slack-user-profile-page</context>
    </client-resource>

    <!-- user direct channel link -->
    <web-panel key="slack-direct-link" location="bitbucket.user.profile.header.details">
        <context-provider class="com.atlassian.bitbucket.plugins.slack.profile.UserProfilePageContextProvider"/>
        <resource name="view" type="soy"
                  location="${plugin.key}:slack-soy-server-resources/slack.integration.plugin.userlink.render"/>
    </web-panel>

    <servlet-filter name="Visited Links Analytics Filter"
                    key="slack-visited-links-analytics-filter"
                    class="com.atlassian.plugins.slack.analytics.SlackAnalyticsFilter"
                    location="before-decoration">
        <url-pattern>/*</url-pattern>
        <dispatcher>REQUEST</dispatcher>
        <dispatcher>FORWARD</dispatcher>
    </servlet-filter>
</atlassian-plugin>
