<atlassian-plugin key="${project.groupId}.${project.artifactId}" name="${project.name}" plugins-version="2">
    <plugin-info>
        <description>${project.description}</description>
        <version>${project.version}</version>
        <vendor name="${project.organization.name}" url="${project.organization.url}" />
        <param name="atlassian-data-center-status">compatible</param>
        <param name="atlassian-data-center-compatible">true</param>
        <param name="read-only-access-mode-compatible">true</param>

        <param name="plugin-icon">images/slack-logo-16px.png</param>
        <param name="plugin-logo">images/slack-logo-144px.png</param>
        <param name="vendor-icon">images/atlassian-logo-16px.png</param>
        <param name="vendor-logo">images/atlassian-logo-72px.png</param>
    </plugin-info>

    <resource type="i18n" name="slack-common" location="com.atlassian.plugins.slack.slack-common"/>
    <resource type="i18n" name="confluence-i18n" location="com.atlassian.confluence.plugins.slack.confluence-slack"/>
    <resource type="download" name="images/avatar.png" location="images/avatar.png"/>
    <resource type="download" name="images/" location="images/"/>

    <!-- SPACE TO CHANNEL -->
    <ao key="slackSpaceToChannelAO" namespace="com.atlassian.confluence.plugins.confluence-slack-server-integration-plugin">
        <description>AO classes for the Slack space to channel plugin</description>
        <entity>com.atlassian.confluence.plugins.slack.spacetochannel.ao.AOEntityToChannelMapping</entity>
        <entity>com.atlassian.plugins.slack.ao.AOSlackLink</entity>
        <entity>com.atlassian.plugins.slack.ao.AOSlackUser</entity>

        <upgradeTask>com.atlassian.confluence.plugins.slack.spacetochannel.ao.upgrade.v1.MutedChannelIdUpgradeTask001</upgradeTask>
    </ao>

    <!-- Personal notifications -->
    <web-item key="slack-user-personal-settings-link" section="system.settings.edit/yoursettings" weight="91">
        <label key="plugins.slack.pn.link.label"/>
        <link linkId="personal-notifications-slack-integration">/plugins/servlet/slack/personal-notifications</link>
        <condition class="com.atlassian.plugins.slack.api.condition.IsSlackEnabledUrlReadingCondition"/>
    </web-item>
    <servlet name="Slack Personal Notifications Servlet" key="slack-personal-notifications-servlet"
             class="com.atlassian.plugins.slack.user.SlackPersonalNotificationsServlet">
        <url-pattern>/slack/personal-notifications</url-pattern>
    </servlet>
    <web-resource key="slack-personal-settings-resources">
        <dependency>com.atlassian.auiplugin:aui-experimental-soy-templates</dependency>
        <dependency>com.atlassian.auiplugin:ajs</dependency>

        <transformation extension="js">
            <transformer key="jsI18n"/>
        </transformation>
        <transformation extension="soy">
            <transformer key="soyTransformer"/>
        </transformation>
        <transformation extension="less">
            <transformer key="lessTransformer"/>
        </transformation>

        <resource type="download"
                  name="slack-feature/personal-notifications/personal-notifications.js"
                  location="slack-feature/personal-notifications/personal-notifications.js"/>
        <resource type="soy"
                  name="slack-feature/personal-notifications/personal-notifications.soy"
                  location="slack-feature/personal-notifications/personal-notifications.soy"/>
        <resource type="download"
                  name="slack-feature/personal-notifications/personal-notifications.less.css"
                  location="slack-feature/personal-notifications/personal-notifications.less"/>
    </web-resource>

    <!-- Space config -->
    <xwork name="slackSpaceConfigurationAction2" key="spaceConfigurationAction2">
        <package name="slack2-space-configure" extends="default" namespace="/spaces">
            <default-interceptor-ref name="defaultStack"/>
            <action name="slack2"
                    class="com.atlassian.confluence.plugins.slack.spacetochannel.actions.SlackViewSpaceConfigurationAction">
                <result name="success" type="velocity">/templates/slack-space-config.vm</result>
                <result name="install" type="dispatcher">/spaces/slack2-install.action</result>
            </action>
            <action name="slack2-install"
                    class="com.atlassian.confluence.plugins.slack.spacetochannel.actions.SlackViewSpaceInstallationAction">
                <result name="success" type="velocity">/templates/slack-space-install-config.vm</result>
            </action>
        </package>
    </xwork>

    <web-resource key="slack-resources" name="Slack Soy Resources">
        <dependency>com.atlassian.auiplugin:aui-select2</dependency>
        <dependency>${project.groupId}.${project.artifactId}:slack-global-soy-resources</dependency>
        <dependency>${project.groupId}.${project.artifactId}:slack-global-js-resources</dependency>
        <dependency>${project.groupId}.${project.artifactId}:slack-global-css-resources</dependency>
        <dependency>confluence.web.resources:aui-iconfont-confluence-overrides</dependency>

        <context>slack-global-configuration-install</context>
        <context>slack-global-configuration</context>

        <dependency>com.atlassian.jira.plugins.jira-slack-server-integration-plugin:slack-integration-steps-resources</dependency>
        <dependency>com.atlassian.jira.plugins.jira-slack-server-integration-plugin:feature-channelmapping-resources</dependency>
    </web-resource>

    <web-resource key="slack-global-js-resources" name="Slack Javascript Resources">
        <transformation extension="js">
            <transformer key="jsI18n"/>
        </transformation>

        <resource type="download" name="confluence-slack-space-to-channel-admin-space-picker.js"
                  location="js/spacetochannel/confluence-slack-space-to-channel-admin-space-picker.js"/>
        <resource type="download" name="confluence-slack-space-to-channel-internal-service.js"
                  location="js/spacetochannel/confluence-slack-space-to-channel-internal-service.js"/>
        <resource type="download" name="confluence-slack-space-to-channel-internal-ui.js"
                  location="js/spacetochannel/confluence-slack-space-to-channel-internal-ui.js"/>
        <resource type="download" name="confluence-read-only-mode-warning.js"
                  location="js/confluence-read-only-mode-warning.js"/>

        <dependency>${project.groupId}.${project.artifactId}:amd</dependency>
        <dependency>com.atlassian.auiplugin:aui-experimental-spinner</dependency>
        <dependency>com.atlassian.auiplugin:aui-message</dependency>
    </web-resource>

    <web-resource key="slack-global-css-resources" name="Slack CSS and related resources">
        <transformation extension="less">
            <transformer key="less-transformer"/>
        </transformation>

        <resource name="confluence-slack-space-to-channel-notifications-plugin.css" type="download"
                  location="less/confluence-slack-space-to-channel-notifications-plugin.less"/>
        <resource name="confluence-slack-plugin.css" type="download"
                  location="less/confluence-slack-plugin.less"/>

        <dependency>com.atlassian.confluence.plugins.confluence-slack-server-integration-plugin:slack-integration-steps-resources</dependency>
        <dependency>com.atlassian.confluence.plugins.confluence-slack-server-integration-plugin:base-slack-common-resources</dependency>
        <dependency>com.atlassian.plugins.atlassian-help-tips:common</dependency>

        <resource type="download" name="images/public_channel.png" location="images/public_channel.png"/>
        <resource type="download" name="images/public_channel@2x.png" location="images/public_channel@2x.png"/>
        <resource type="download" name="images/private_channel.png" location="images/private_channel.png"/>
        <resource type="download" name="images/private_channel@2x.png" location="images/private_channel@2x.png"/>
        <resource type="download" name="images/public_channel_active.png" location="images/public_channel_active.png"/>
        <resource type="download" name="images/public_channel_active@2x.png" location="images/public_channel_active@2x.png"/>
        <resource type="download" name="images/private_channel_active.png" location="images/private_channel_active.png"/>
        <resource type="download" name="images/private_channel_active@2x.png" location="images/private_channel_active@2x.png"/>
    </web-resource>

    <web-resource key="slack-soy-server-resources" name="Slack Server-side Soy Resources">
        <resource type="soy" name="common" location="templates/slack-config.soy"/>
        <resource type="soy" name="space" location="templates/slack-space-config.soy"/>
        <resource type="soy" name="global" location="templates/slack-global-config.soy"/>

        <dependency>com.atlassian.confluence.plugins.confluence-slack-server-integration-plugin:slack-soy-resources</dependency>
        <dependency>com.atlassian.confluence.plugins.confluence-slack-server-integration-plugin:slack-integration-steps-resources</dependency>
    </web-resource>

    <web-resource key="slack-global-soy-resources" name="Slack Soy Resources">
        <transformation extension="js">
            <transformer key="jsI18n"/>
        </transformation>
        <transformation extension="soy">
            <transformer key="soyTransformer">
                <functions>com.atlassian.confluence.plugins.soy:soy-core-functions</functions>
            </transformer>
        </transformation>

        <resource type="download" name="slack-space-config.soy.js" location="templates/slack-space-config.soy"/>
        <resource type="download" name="slack-global-config.soy.js" location="templates/slack-global-config.soy"/>

        <dependency>confluence.web.resources:shared-templates</dependency>
    </web-resource>

    <web-section key="slack-integrations" name="Slack Integrations" location="system.space.admin" weight="999">
        <label key="slack2.integrations"/>
    </web-section>

    <web-item key="slack2-space-configuration" name="Slack Space Configuration"
              section="system.space.admin/integrations"
              weight="0">
        <description key="slack2-space-configuration.name">Slack Space Configuration</description>
        <label key="slack2-space-configuration.name"/>
        <link linkId="slack2-space-configuration">/spaces/slack2.action?key=$htmlUtil.urlEncode($space.key)</link>
        <icon height="16" width="16">
            <link absolute="true">
                $webResourceManager.getStaticPluginResource("com.atlassian.confluence.plugins.confluence-slack-server-integration-plugin:slack-image-resources",
                "images/slack-icon.png")
            </link>
        </icon>
        <condition class="com.atlassian.confluence.plugin.descriptor.web.conditions.HasSpaceCondition"/>
        <condition class="com.atlassian.confluence.plugin.descriptor.web.conditions.SpacePermissionCondition">
            <param name="permission">administer</param>
        </condition>
        <condition class="com.atlassian.confluence.plugin.descriptor.web.conditions.SpaceSidebarCondition"
                   invert="true"/>
    </web-item>

    <web-item key="slack2-space-configuration-2" name="Slack Space Configuration"
              section="system.space.tools/integrations"
              weight="0">
        <description key="slack2-space-configuration.name">Slack Space Configuration</description>
        <label key="slack2-space-configuration.name"/>
        <link linkId="slack2-space-configuration">/spaces/slack2.action?key=$htmlUtil.urlEncode($space.key)</link>
        <icon height="16" width="16">
            <link absolute="true">
                $webResourceManager.getStaticPluginResource("com.atlassian.confluence.plugins.confluence-slack-server-integration-plugin:slack-image-resources",
                "images/slack-icon.png")
            </link>
        </icon>
        <condition class="com.atlassian.confluence.plugin.descriptor.web.conditions.HasSpaceCondition"/>
        <condition class="com.atlassian.confluence.plugin.descriptor.web.conditions.SpacePermissionCondition">
            <param name="permission">administer</param>
        </condition>
        <condition class="com.atlassian.confluence.plugin.descriptor.web.conditions.SpaceSidebarCondition"/>
    </web-item>

    <!-- Slack REST endpoints -->

    <!--REST v2 migration tag to enable REST v2-->
    <rest-migration key="confluence-slack-key">
        <rest-v2/>
    </rest-migration>

    <rest key="slack-rest" name="Slack Confluence Resources" path="/slack" version="1.0">
        <dispatcher>REQUEST</dispatcher>
        <dispatcher>FORWARD</dispatcher>
    </rest>

    <soy-function key="slack-is-channel-notification-enabled-soy-function"
                  name="Determines if various types of channel notifications are enabled"
                  class="com.atlassian.confluence.plugins.slack.spacetochannel.soy.IsSlackChannelNotificationEnabledFunction"/>
    <soy-function key="slack-simple-json-serialize-function"
                  name="Serializes a simple object into a JSON string"
                  class="com.atlassian.plugins.slack.soy.SimpleJsonSerializeFunction"/>

    <analytics-whitelist key="confluenceSpaceToChannelNotificationsAnalyticsWhitelist" resource="analytics/whitelist.json"/>

    <!-- Global configuration -->
    <web-panel key="slack-space-to-channel-global" location="slack.integration.configure.installed">
        <context-provider class="com.atlassian.confluence.plugins.slack.spacetochannel.dataprovider.SlackGlobalAdminDataProvider"/>
        <resource name="view" type="soy"
                  location="${plugin.key}:slack-soy-server-resources/Confluence.Templates.Slack.SpaceToChannel.Global.Config.renderChannelMapping"/>
    </web-panel>

    <web-panel key="slack-space-to-channel-global-install" location="slack.integration.configure.install">
        <resource name="view" type="soy"
                  location="${plugin.key}:slack-soy-server-resources/Confluence.Templates.Slack.SpaceToChannel.Config.configure"/>
    </web-panel>

    <!-- link to view Slack OAuth token -->
    <web-item key="slack-oauth-profile-page" section="system.settings.edit/yoursettings" weight="92">
        <label key="slack.view.oauth.label"/>
        <link linkId="admin-slack-integration">/plugins/servlet/slack/view-oauth-sessions</link>
        <condition class="com.atlassian.plugins.slack.api.condition.IsSlackEnabledUrlReadingCondition"/>
    </web-item>

    <!-- Dynamic module types: allow plugins injecting notifications from Confluence events -->
    <module-type key="slack-notification-type" class="com.atlassian.plugins.slack.api.descriptor.SlackNotificationDescriptor"/>
    <module-type key="slack-notification-context" class="com.atlassian.plugins.slack.api.descriptor.SlackNotificationContextDescriptor"/>

    <slack-notification-context key="slack-space-context" class="com.atlassian.confluence.plugins.slack.spacetochannel.notifications.SpaceNotificationContext"
            value="space"/>
    <slack-notification-context key="slack-channel-context" class="com.atlassian.confluence.plugins.slack.spacetochannel.notifications.ChannelNotificationContext"
            value="channel"/>

    <slack-notification-type key="blog-create-notification" class="com.atlassian.confluence.plugins.slack.spacetochannel.notifications.BlogCreateContentNotification"
            value="BlogCreate" name="Blog created Slack notification" i18n-name-key="slack2-space-configuration.edit.group.blogs.created" context="space"
            category="content" weight="1" activeByDefault="true"/>
    <slack-notification-type key="page-create-notification" class="com.atlassian.confluence.plugins.slack.spacetochannel.notifications.PageCreateContentNotification"
            value="PageCreate" name="Page created Slack notification" i18n-name-key="slack2-space-configuration.edit.group.pages.created" context="space"
            category="content" weight="2" activeByDefault="true"/>
    <slack-notification-type key="page-update-notification" class="com.atlassian.confluence.plugins.slack.spacetochannel.notifications.PageUpdateContentNotification"
            value="PageUpdate" name="Page updated Slack notification" i18n-name-key="slack2-space-configuration.edit.group.pages.updated" context="space"
            category="content" weight="3"/>

    <!-- Special notification types that handles optional plugin events -->
    <slack-notification-type key="question-asked-notification" class="com.atlassian.confluence.plugins.slack.spacetochannel.notifications.QuestionContentNotification"
            value="QuestionAsked" name="Question Asked Slack notification" i18n-name-key="slack2-space-configuration.edit.group.question.created" context="space"
            category="content" weight="4"/>
    <slack-notification-type key="question-answered-notification" class="com.atlassian.confluence.plugins.slack.spacetochannel.notifications.AnswerContentNotification"
            value="QuestionAnswered" name="Question Answered Slack notification" i18n-name-key="slack2-space-configuration.edit.group.question.answered" context="space"
            category="content" weight="5"/>
    <slack-notification-type key="calendar-event-created-notification" class="com.atlassian.confluence.plugins.slack.spacetochannel.notifications.CalendarEventCreatedNotification"
            value="CalendarEventCreated" name="Calendar event created Slack notification" i18n-name-key="slack2-space-configuration.edit.group.calendar.event.created" context="space"
            category="content" weight="6"/>

    <!-- Unfurl notifications -->
    <slack-notification-type key="blog-share-notification" class="com.atlassian.confluence.plugins.slack.spacetochannel.notifications.AbstractPageShareNotification"
            value="BlogShare" name="Blog share Slack notification" i18n-name-key="slack2-space-configuration.edit.group.blogs.shared" context="channel"
            category="content" weight="7" activeByDefault="true"/>
    <slack-notification-type key="page-share-notification" class="com.atlassian.confluence.plugins.slack.spacetochannel.notifications.AbstractPageShareNotification"
            value="PageShare" name="Page share Slack notification" i18n-name-key="slack2-space-configuration.edit.group.pages.shared" context="channel"
            category="content" weight="8" activeByDefault="true"/>
    <slack-notification-type key="space-content-share-notification" class="com.atlassian.confluence.plugins.slack.spacetochannel.notifications.AbstractPageShareNotification"
            value="ContentShare" name="Content share Slack notification" i18n-name-key="slack2-space-configuration.edit.group.content.shared" context="channel"
            category="content" weight="9" activeByDefault="true"/>

    <web-resource name="Link Error Resources" key="slack-link-error-resources" >
        <dependency>com.atlassian.auiplugin:aui-flag</dependency>
        <context>atl.general</context>
        <context>atl.admin</context>

        <data key="slack-link-error" class="com.atlassian.plugins.slack.oauth2.LinkErrorDataProvider" />

        <transformation extension="js">
            <transformer key="jsI18n"/>
        </transformation>

        <resource name="oauth2/confluence-slack-link-error.js" type="download" location="oauth2/confluence-slack-link-error.js"/>

        <condition class="com.atlassian.plugins.slack.api.condition.IsSlackEnabledUrlReadingCondition"/>
    </web-resource>

    <!-- Below are the resources from the common project -->

    <servlet name="Configure Slack Servlet" key="slack-configure-servlet"
             class="com.atlassian.plugins.slack.admin.ConfigureServlet">
        <url-pattern>/slack/configure</url-pattern>
    </servlet>

    <web-item key="slack-conf-menu-item" name="Slack Admin" section="system.admin/configuration" weight="99" application="confluence">
        <description>Link to slack server linking page</description>
        <label key="plugins.slack.admin.label" />
        <link linkId="confluence-notifications-slack-admin-label">/plugins/servlet/slack/configure</link>
    </web-item>

    <web-panel key="slack-configurationPanel" location="plugins.slack.configure">
        <context-provider class="com.atlassian.plugins.slack.admin.SlackConfigurationScreenContextProvider"/>
        <resource name="view" type="soy" location="com.atlassian.confluence.plugins.confluence-slack-server-integration-plugin:slack-soy-resources/Slack.Templates.Configuration.panel"/>
    </web-panel>

    <web-resource key="slack-global">
        <transformation extension="less">
            <transformer key="lessTransformer"/>
            <transformer key="less-transformer"/>
        </transformation>

        <resource name="slack-global.css" type="download" location="stylesheets/slack-global.less"/>

        <dependency>com.atlassian.auiplugin:ajs</dependency>
    </web-resource>

    <web-resource name="Slack Link Screen Resources" key="slack-base-link-resources">
        <transformation extension="js">
            <transformer key="jsI18n"/>
        </transformation>

        <transformation extension="soy">
            <transformer key="soyTransformer">
            </transformer>
        </transformation>

        <transformation extension="less">
            <transformer key="lessTransformer"/>
            <transformer key="less-transformer"/>
        </transformation>

        <resource type="download" name="stylesheets/slack-main.css" location="stylesheets/slack-main.less"/>
        <resource type="download" name="admin/configure-slack.js" location="admin/configure-slack.js"/>
        <resource type="download" name="configure-slack.soy.js" location="admin/configure-slack.soy"/>

        <dependency>com.atlassian.auiplugin:aui-experimental-spinner</dependency>
        <dependency>com.atlassian.soy.soy-template-plugin:soy-deps</dependency>
        <dependency>com.atlassian.confluence.plugins.confluence-slack-server-integration-plugin:slack-global</dependency>

        <context>admin</context>
        <context>atl.admin</context>
    </web-resource>

    <web-resource name="Connect to Slack Workspace" key="slack-connect-workspace-resources">
        <transformation extension="js">
            <transformer key="jsI18n"/>
        </transformation>

        <resource type="download" name="slack-admin/connect/connect-workspace.js" location="admin/connect/connect-workspace.js"/>

        <dependency>com.atlassian.confluence.plugins.confluence-slack-server-integration-plugin:slack-base-link-resources</dependency>
    </web-resource>

    <web-resource name="Manage Slack Workspaces" key="manage-workspaces-resources">
        <transformation extension="js">
            <transformer key="jsI18n"/>
        </transformation>

        <resource type="download" name="slack-admin/manage/manage-workspaces.js" location="admin/manage/manage-workspaces.js"/>

        <dependency>com.atlassian.confluence.plugins.confluence-slack-server-integration-plugin:slack-base-link-resources</dependency>
    </web-resource>

    <web-resource key="slack-user-link-support">
        <transformation extension="js">
            <transformer key="jsI18n"/>
        </transformation>

        <resource type="download" name="user/slack-user-link.js" location="user/slack-user-link.js"/>

        <dependency>com.atlassian.auiplugin:aui-core</dependency>
    </web-resource>

    <web-resource name="Slack Common Resources" key="base-slack-common-resources">
        <transformation extension="less">
            <transformer key="lessTransformer"/>
            <transformer key="less-transformer"/>
        </transformation>

        <resource type="download" name="stylesheets/slack-channel-mappings.css" location="stylesheets/slack-channel-mappings.less"/>

        <dependency>com.atlassian.auiplugin:aui-dropdown2</dependency>
        <dependency>com.atlassian.confluence.plugins.confluence-slack-server-integration-plugin:slack-user-link-support</dependency>
    </web-resource>

    <web-resource name="Slack Links Support" key="slack-links-support">
        <context>atl.general</context>
        <context>atl.admin</context>

        <transformation extension="js">
            <transformer key="jsI18n"/>
        </transformation>

        <resource type="download" name="cookie/js.cookie.js" location="cookie/js.cookie.js"/>
        <resource type="download" name="links/slack-links.js" location="links/slack-links.js"/>
    </web-resource>

    <web-resource name="Image Resources" key="slack-image-resources">
        <resource type="download" name="images/slack-installing.svg" location="images/slack-installing.svg">
            <param name="content-type" value="image/svg+xml"/>
        </resource>
        <resource type="download" name="images/slack-installed.svg" location="images/slack-installed.svg">
            <param name="content-type" value="image/svg+xml"/>
        </resource>
        <resource type="download" name="images/slack-not-connected.svg" location="images/slack-not-connected.svg">
            <param name="content-type" value="image/svg+xml"/>
        </resource>
        <resource type="download" name="images/slack-needs-signin.svg" location="images/slack-needs-signin.svg">
            <param name="content-type" value="image/svg+xml"/>
        </resource>
        <resource type="download" name="images/big-news.svg" location="images/big-news.svg">
            <param name="content-type" value="image/svg+xml"/>
        </resource>
        <resource type="download" name="images/shout.svg" location="images/shout.svg">
            <param name="content-type" value="image/svg+xml"/>
        </resource>
        <resource type="download" name="images/new-slack-not-connected.svg" location="images/new-slack-not-connected.svg">
            <param name="content-type" value="image/svg+xml"/>
        </resource>
    </web-resource>

    <web-resource name="Slack Link Screen Resources" key="slack-soy-resources">
        <dependency>com.atlassian.auiplugin:aui-experimental-soy-templates</dependency>
        <resource type="soy" name="slack-panel" location="admin/configure-slack.soy"/>
        <resource type="soy" name="slack-server" location="admin/configure-server-slack.soy"/>
    </web-resource>

    <web-resource name="Slack Integration Steps resources" key="slack-integration-steps-resources">
        <transformation extension="js">
            <transformer key="jsI18n"/>
        </transformation>

        <transformation extension="less">
            <transformer key="lessTransformer"/>
            <transformer key="less-transformer"/>
        </transformation>

        <resource type="download" name="slack-feature/integrationsteps/integrationsteps.css" location="slack-feature/integrationsteps/integrationsteps.less"/>
        <resource type="soy" name="slack-feature/integrationsteps/integrationsteps.soy" location="slack-feature/integrationsteps/integrationsteps.soy"/>

        <dependency>com.atlassian.confluence.plugins.confluence-slack-server-integration-plugin:slack-global</dependency>
        <dependency>com.atlassian.confluence.plugins.confluence-slack-server-integration-plugin:slack-connection-status-resources</dependency>
    </web-resource>

    <web-resource name="Slack Connection Status resources" key="slack-connection-status-resources">
        <transformation extension="js">
            <transformer key="jsI18n"/>
        </transformation>

        <transformation extension="less">
            <transformer key="lessTransformer"/>
            <transformer key="less-transformer"/>
        </transformation>

        <transformation extension="soy">
            <transformer key="soyTransformer">
                <functions>com.atlassian.confluence.plugins.soy:soy-core-functions</functions>
            </transformer>
        </transformation>

        <resource type="download" name="slack-feature/connectionstatus/connectionstatus-soy.js" location="slack-feature/connectionstatus/connectionstatus.soy"/>
        <resource type="soy" name="slack-feature/connectionstatus/connectionstatus.soy" location="slack-feature/connectionstatus/connectionstatus.soy"/>

        <resource type="download" name="slack-feature/connectionstatus/connectionstatus.js" location="slack-feature/connectionstatus/connectionstatus.js"/>
        <resource type="download" name="slack-feature/connectionstatus/connectionstatus.css" location="slack-feature/connectionstatus/connectionstatus.less"/>

        <dependency>com.atlassian.confluence.plugins.confluence-slack-server-integration-plugin:slack-global</dependency>
        <!-- to show connection status tooltip on channel mapping page -->
        <dependency>com.atlassian.auiplugin:aui-inline-dialog2</dependency>
    </web-resource>

    <web-resource name="Disconnected Token Resources" key="slack-disconnected-token-resources">
        <context>atl.general</context>
        <context>atl.admin</context>

        <transformation extension="js">
            <transformer key="jsI18n"/>
        </transformation>

        <resource name="token/token-status.js" type="download" location="token/token-status.js"/>

        <condition class="com.atlassian.plugins.slack.api.condition.IsSlackEnabledUrlReadingCondition"/>
        <condition class="com.atlassian.confluence.plugin.descriptor.web.urlreadingconditions.UserLoggedInUrlReadingCondition"/>
    </web-resource>

    <soy-function key="slack-plugin-resource-url" name="Generates a url for a plugin resource" class="com.atlassian.plugins.slack.soy.PluginResourceUrlSlackFunction"/>
    <soy-function key="slack-web-panel-soy-function" name="Generates the html for a web panel" class="com.atlassian.plugins.slack.soy.WebPanelsSlackFunction"/>
    <soy-function key="slack-require-resource-by-context-function" name="Requires resources for a given context" class="com.atlassian.plugins.slack.soy.RequireSlackResourceByContextSlackFunction"/>
    <soy-function key="slack-get-product-text" name="Generates each text passing the product name as the first parameter"
                  class="com.atlassian.plugins.slack.soy.GetProductTextSlackFunction"/>
    <soy-function key="slack-add-query-param" name="Add a query param to an URI"
                  class="com.atlassian.plugins.slack.soy.AddQueryParamSlackFunction"/>

    <analytics-whitelist key="atlassianSlackIntegrationAnalyticsWhitelist" resource="analytics/whitelist-base.json"/>

    <web-resource key="slack-view-oauth-resources">
        <dependency>com.atlassian.auiplugin:aui-experimental-soy-templates</dependency>
        <dependency>com.atlassian.confluence.plugins.confluence-slack-server-integration-plugin:slack-user-link-support</dependency>

        <transformation extension="less">
            <transformer key="lessTransformer"/>
        </transformation>

        <resource name="oauth2/view-slack-oauth-sessions.soy" type="soy" location="oauth2/view-slack-oauth-sessions.soy"/>
        <resource name="oauth2/view-slack-oauth-sessions.less.css" type="download" location="oauth2/view-slack-oauth-sessions.less"/>
    </web-resource>

    <web-resource name="Slack status resource" key="slack-status-resources">
        <context>atl.general</context>
        <context>atl.admin</context>

        <transformation extension="js">
            <transformer key="jsI18n"/>
        </transformation>
        <transformation extension="less">
            <transformer key="lessTransformer"/>
        </transformation>
        <transformation extension="soy">
            <transformer key="soyTransformer">
                <functions>com.atlassian.confluence.plugins.soy:soy-core-functions</functions>
            </transformer>
        </transformation>

        <resource name="confluence-slack-status.js" type="download" location="js/confluence-slack-status.js"/>
        <resource name="confluence-status.less.css" type="download" location="less/confluence-status.less"/>
        <resource type="download" name="images/" location="images/"/>
        <resource type="download" name="confluence-slack-user-link.soy.js" location="templates/confluence-slack-user-link.soy" />
        <condition class="com.atlassian.plugins.slack.api.condition.IsSlackEnabledUrlReadingCondition"/>
    </web-resource>

    <servlet name="View OAuth Slack Servlet" key="slack-view-oauth-servlet"
             class="com.atlassian.plugins.slack.oauth2.ViewSlackOauthSessionsServlet">
        <url-pattern>/slack/view-oauth-sessions</url-pattern>
    </servlet>

    <servlet-filter name="Signature verifying filter"
                    key="slack-signature-verifying-filter"
                    class="com.atlassian.plugins.slack.rest.RequestCachingServletFilter"
                    location="after-encoding"
                    weight="-100">
        <url-pattern>/rest/slack/latest/event</url-pattern>
        <url-pattern>/rest/slack/latest/command</url-pattern>
        <dispatcher>REQUEST</dispatcher>
        <dispatcher>FORWARD</dispatcher>
    </servlet-filter>
    <servlet-filter name="Visited Links Analytics Filter"
                    key="slack-visited-links-analytics-filter"
                    class="com.atlassian.plugins.slack.analytics.SlackAnalyticsFilter"
                    location="before-decoration">
        <url-pattern>/*</url-pattern>
        <dispatcher>REQUEST</dispatcher>
        <init-param>
            <param-name>useTransaction</param-name>
            <param-value>true</param-value>
        </init-param>
    </servlet-filter>
</atlassian-plugin>
